CustomerID,Gender,SeniorCitizen,Tenure,Contract,InternetService,MonthlyCharges,TotalCharges,Churn
CUST-0000,Female,0,52,Two Year,DSL,64.01,3328.74,No
CUST-0001,Female,1,72,Two Year,Fiber Optic,76.97,5542.07,No
CUST-0002,Male,1,24,Two Year,No Internet,38.02,912.43,No
CUST-0003,Male,1,53,Month-to-Month,DSL,64.4,3413.1,Yes
CUST-0004,Female,0,30,One Year,Fiber Optic,69.25,2077.4,No
CUST-0005,Male,0,64,Month-to-Month,DSL,64.84,4150.03,Yes
CUST-0006,Male,0,33,One Year,DSL,51.08,1685.8,No
CUST-0007,Male,1,22,Two Year,DSL,45.14,993.11,No
CUST-0008,Male,0,49,One Year,Fiber Optic,75.5,3699.28,Yes
CUST-0009,Male,0,42,Month-to-Month,DSL,45.93,1929.2,No
CUST-0010,Female,0,60,Month-to-Month,DSL,52.33,3139.63,No
CUST-0011,Male,1,62,Two Year,No Internet,26.81,1662.35,No
CUST-0012,Male,1,62,One Year,No Internet,28.99,1797.6,No
CUST-0013,Female,0,55,Month-to-Month,DSL,64.66,3556.55,No
CUST-0014,Female,0,3,Month-to-Month,No Internet,42.2,126.6,Yes
CUST-0015,Male,0,7,Two Year,Fiber Optic,68.41,478.87,No
CUST-0016,Male,1,39,Two Year,No Internet,25.27,985.35,No
CUST-0017,Male,1,60,Two Year,DSL,56.27,3375.95,No
CUST-0018,Female,1,9,Month-to-Month,Fiber Optic,65.32,587.87,Yes
CUST-0019,Female,0,2,Month-to-Month,DSL,58.68,117.37,Yes
CUST-0020,Female,1,60,Month-to-Month,Fiber Optic,67.44,4046.45,Yes
CUST-0021,Female,0,8,Month-to-Month,Fiber Optic,65.69,525.5,Yes
CUST-0022,Male,1,36,Month-to-Month,DSL,48.64,1751.21,No
CUST-0023,Male,0,4,Two Year,No Internet,31.23,124.94,Yes
CUST-0024,Female,1,6,Month-to-Month,No Internet,29.16,174.95,Yes
CUST-0025,Male,0,4,One Year,No Internet,28.7,114.79,No
CUST-0026,Female,0,63,Two Year,DSL,61.85,3896.28,No
CUST-0027,Male,0,44,Month-to-Month,DSL,63.79,2806.76,No
CUST-0028,Female,0,62,Two Year,Fiber Optic,83.53,5179.06,No
CUST-0029,Male,0,48,Month-to-Month,No Internet,31.53,1513.48,No
CUST-0030,Male,0,62,Month-to-Month,DSL,51.51,3193.41,No
CUST-0031,Male,1,53,Month-to-Month,No Internet,36.74,1946.96,No
CUST-0032,Male,1,60,Two Year,No Internet,35.85,2151.24,No
CUST-0033,Female,1,41,One Year,Fiber Optic,70.93,2907.94,No
CUST-0034,Male,0,45,Month-to-Month,DSL,46.49,2092.1,Yes
CUST-0035,Female,1,71,Month-to-Month,DSL,53.47,3796.23,Yes
CUST-0036,Female,0,1,Month-to-Month,Fiber Optic,68.97,68.97,Yes
CUST-0037,Male,1,63,Two Year,No Internet,41.31,2602.48,No
CUST-0038,Male,0,8,Two Year,DSL,59.58,476.64,Yes
CUST-0039,Male,1,33,One Year,Fiber Optic,77.12,2544.93,No
CUST-0040,Female,1,41,One Year,Fiber Optic,83.3,3415.27,No
CUST-0041,Male,1,72,One Year,Fiber Optic,73.99,5327.21,No
CUST-0042,Male,0,33,Month-to-Month,DSL,46.27,1526.95,Yes
CUST-0043,Male,0,23,Two Year,Fiber Optic,78.38,1802.67,Yes
CUST-0044,Female,0,37,Month-to-Month,No Internet,39.59,1464.91,No
CUST-0045,Female,1,35,Month-to-Month,Fiber Optic,74.44,2605.55,No
CUST-0046,Female,0,47,Month-to-Month,No Internet,39.26,1845.45,Yes
CUST-0047,Female,1,1,Month-to-Month,DSL,59.43,59.43,Yes
CUST-0048,Female,1,14,One Year,DSL,54.88,768.26,Yes
CUST-0049,Male,1,9,One Year,Fiber Optic,79.21,712.92,No
CUST-0050,Female,1,42,Two Year,No Internet,33.79,1419.04,No
CUST-0051,Male,0,51,Two Year,DSL,45.63,2327.06,No
CUST-0052,Female,0,52,Month-to-Month,Fiber Optic,76.27,3965.81,No
CUST-0053,Male,1,4,Month-to-Month,DSL,63.15,252.61,No
CUST-0054,Female,1,23,One Year,No Internet,37.09,853.03,No
CUST-0055,Male,0,15,One Year,DSL,60.11,901.67,No
CUST-0056,Female,0,36,Month-to-Month,DSL,63.86,2298.85,Yes
CUST-0057,Female,0,71,One Year,Fiber Optic,70.8,5026.45,No
CUST-0058,Male,0,28,One Year,Fiber Optic,83.59,2340.63,No
CUST-0059,Male,1,45,Month-to-Month,DSL,50.91,2291.07,Yes
CUST-0060,Female,0,6,Two Year,DSL,54.13,324.78,No
CUST-0061,Female,1,44,Month-to-Month,DSL,53.33,2346.53,No
CUST-0062,Female,0,62,One Year,DSL,55.79,3458.78,No
CUST-0063,Male,0,62,Two Year,DSL,47.2,2926.46,No
CUST-0064,Female,0,27,One Year,No Internet,33.54,905.64,No
CUST-0065,Male,1,3,Month-to-Month,No Internet,25.14,75.42,Yes
CUST-0066,Male,0,72,One Year,Fiber Optic,75.68,5449.09,No
CUST-0067,Male,0,62,Two Year,No Internet,29.44,1825.41,No
CUST-0068,Female,1,51,One Year,No Internet,30.39,1549.8,No
CUST-0069,Male,0,24,Month-to-Month,Fiber Optic,83.86,2012.6,Yes
CUST-0070,Male,1,32,One Year,DSL,55.38,1772.03,No
CUST-0071,Male,1,52,One Year,No Internet,32.27,1678.17,No
CUST-0072,Female,0,58,Two Year,No Internet,44.25,2566.44,No
CUST-0073,Male,1,39,Month-to-Month,Fiber Optic,74.94,2922.85,No
CUST-0074,Female,0,56,Two Year,Fiber Optic,65.74,3681.31,No
CUST-0075,Female,0,2,One Year,Fiber Optic,75.05,150.11,Yes
CUST-0076,Male,0,54,One Year,Fiber Optic,65.66,3545.69,No
CUST-0077,Female,1,1,Two Year,DSL,49.79,49.79,No
CUST-0078,Female,1,2,One Year,No Internet,35.62,71.24,No
CUST-0079,Female,1,32,Month-to-Month,Fiber Optic,76.06,2433.85,No
CUST-0080,Female,0,68,Month-to-Month,Fiber Optic,66.62,4529.96,No
CUST-0081,Female,1,56,One Year,Fiber Optic,69.75,3906.15,No
CUST-0082,Female,1,38,One Year,DSL,52.36,1989.52,Yes
CUST-0083,Female,0,70,Two Year,Fiber Optic,72.98,5108.35,No
CUST-0084,Male,1,16,Two Year,No Internet,41.71,667.3,No
CUST-0085,Male,0,59,Two Year,DSL,48.73,2875.09,No
CUST-0086,Female,0,3,Month-to-Month,No Internet,36.82,110.45,Yes
CUST-0087,Male,1,59,One Year,No Internet,29.4,1734.88,No
CUST-0088,Female,0,67,Month-to-Month,No Internet,41.19,2759.73,Yes
CUST-0089,Female,1,20,Two Year,No Internet,37.9,758.07,No
CUST-0090,Female,1,52,One Year,DSL,63.81,3318.14,No
CUST-0091,Female,0,40,Two Year,DSL,52.73,2109.39,No
CUST-0092,Male,0,1,Month-to-Month,Fiber Optic,78.51,78.51,Yes
CUST-0093,Female,0,57,Two Year,Fiber Optic,67.27,3834.36,No
CUST-0094,Male,0,23,Month-to-Month,DSL,55.83,1284.07,Yes
CUST-0095,Female,0,42,Month-to-Month,Fiber Optic,70.16,2946.67,No
CUST-0096,Female,1,16,Two Year,DSL,61.34,981.51,No
CUST-0097,Female,0,60,Month-to-Month,No Internet,30.22,1813.0,No
CUST-0098,Female,0,1,Month-to-Month,No Internet,26.86,26.86,Yes
CUST-0099,Female,0,12,Month-to-Month,No Internet,36.17,433.99,Yes
CUST-0100,Female,1,32,One Year,DSL,57.66,1845.18,No
CUST-0101,Male,0,9,Month-to-Month,DSL,50.58,455.2,Yes
CUST-0102,Male,0,19,One Year,No Internet,39.52,750.86,No
CUST-0103,Male,0,3,Month-to-Month,Fiber Optic,82.13,246.38,No
CUST-0104,Female,0,54,One Year,DSL,60.6,3272.27,No
CUST-0105,Male,1,24,Two Year,No Internet,42.02,1008.45,No
CUST-0106,Female,0,72,Month-to-Month,DSL,60.71,4370.89,No
CUST-0107,Male,1,25,One Year,Fiber Optic,65.1,1627.53,No
CUST-0108,Female,0,66,One Year,No Internet,38.84,2563.3,No
CUST-0109,Male,1,61,One Year,No Internet,29.49,1798.61,No
CUST-0110,Female,1,33,Two Year,No Internet,25.36,836.93,No
CUST-0111,Male,0,14,Month-to-Month,No Internet,31.51,441.11,Yes
CUST-0112,Male,1,20,Month-to-Month,No Internet,32.33,646.59,No
CUST-0113,Female,1,8,One Year,Fiber Optic,81.98,655.88,No
CUST-0114,Female,0,17,One Year,No Internet,31.16,529.74,No
CUST-0115,Female,1,48,Two Year,No Internet,26.87,1289.93,No
CUST-0116,Male,0,22,Two Year,Fiber Optic,69.88,1537.36,No
CUST-0117,Female,1,38,One Year,DSL,64.58,2453.96,Yes
CUST-0118,Male,0,51,Month-to-Month,DSL,62.84,3204.89,No
CUST-0119,Male,1,27,Month-to-Month,DSL,53.69,1449.57,Yes
CUST-0120,Male,1,21,Month-to-Month,Fiber Optic,75.05,1576.11,No
CUST-0121,Male,1,28,One Year,No Internet,38.38,1074.6,No
CUST-0122,Male,1,69,One Year,No Internet,29.6,2042.66,Yes
CUST-0123,Female,1,48,Two Year,DSL,50.62,2429.54,No
CUST-0124,Male,0,35,Month-to-Month,DSL,60.37,2112.99,Yes
CUST-0125,Female,0,17,Month-to-Month,No Internet,44.89,763.15,No
CUST-0126,Female,1,30,Two Year,DSL,64.08,1922.36,No
CUST-0127,Male,0,6,One Year,DSL,52.4,314.42,No
CUST-0128,Female,1,37,One Year,DSL,63.57,2351.96,No
CUST-0129,Female,1,46,Two Year,No Internet,44.33,2039.32,No
CUST-0130,Female,0,60,Two Year,No Internet,42.06,2523.61,No
CUST-0131,Female,1,63,One Year,Fiber Optic,71.11,4480.18,No
CUST-0132,Male,0,32,Two Year,No Internet,42.02,1344.73,No
CUST-0133,Male,0,67,One Year,DSL,48.39,3242.12,No
CUST-0134,Male,1,25,Two Year,No Internet,32.89,822.35,No
CUST-0135,Male,1,54,One Year,DSL,58.92,3181.71,Yes
CUST-0136,Male,1,46,Month-to-Month,DSL,46.94,2159.4,Yes
CUST-0137,Female,0,32,Month-to-Month,Fiber Optic,78.42,2509.53,Yes
CUST-0138,Female,0,23,One Year,Fiber Optic,67.8,1559.44,No
CUST-0139,Male,0,27,One Year,Fiber Optic,70.91,1914.46,No
CUST-0140,Female,0,17,Month-to-Month,Fiber Optic,81.97,1393.55,Yes
CUST-0141,Female,1,9,One Year,Fiber Optic,79.05,711.45,No
CUST-0142,Female,1,48,Two Year,DSL,56.06,2690.71,No
CUST-0143,Female,1,42,Two Year,Fiber Optic,81.19,3409.86,No
CUST-0144,Male,1,50,Month-to-Month,Fiber Optic,82.34,4117.07,Yes
CUST-0145,Female,0,13,Two Year,No Internet,26.63,346.21,No
CUST-0146,Female,1,7,Two Year,Fiber Optic,75.03,525.21,No
CUST-0147,Male,0,45,Month-to-Month,Fiber Optic,68.89,3099.85,Yes
CUST-0148,Female,1,8,Two Year,DSL,59.04,472.31,Yes
CUST-0149,Female,1,16,Month-to-Month,Fiber Optic,66.02,1056.25,Yes
CUST-0150,Male,1,15,Month-to-Month,DSL,52.51,787.67,No
CUST-0151,Female,0,66,Month-to-Month,Fiber Optic,73.77,4868.79,No
CUST-0152,Male,1,63,Two Year,No Internet,25.72,1620.29,No
CUST-0153,Male,1,25,One Year,Fiber Optic,68.1,1702.52,No
CUST-0154,Male,0,62,Two Year,DSL,50.73,3145.31,Yes
CUST-0155,Female,0,58,Month-to-Month,No Internet,42.21,2448.07,Yes
CUST-0156,Female,1,49,Two Year,DSL,45.75,2241.6,No
CUST-0157,Female,0,70,Two Year,Fiber Optic,71.07,4974.57,No
CUST-0158,Female,0,60,One Year,Fiber Optic,71.53,4291.98,No
CUST-0159,Female,1,8,One Year,DSL,60.4,483.2,No
CUST-0160,Female,0,5,Two Year,DSL,54.15,270.73,No
CUST-0161,Male,0,6,One Year,No Internet,26.03,156.2,No
CUST-0162,Male,1,47,One Year,No Internet,38.99,1832.54,Yes
CUST-0163,Female,0,40,One Year,No Internet,39.52,1580.87,Yes
CUST-0164,Male,1,13,Month-to-Month,No Internet,44.39,577.08,No
CUST-0165,Male,1,30,Month-to-Month,No Internet,25.82,774.64,No
CUST-0166,Male,0,63,Two Year,Fiber Optic,73.67,4641.24,No
CUST-0167,Female,1,58,Month-to-Month,No Internet,26.57,1541.01,Yes
CUST-0168,Female,0,62,Two Year,No Internet,41.72,2586.62,No
CUST-0169,Male,0,9,Month-to-Month,Fiber Optic,78.77,708.93,No
CUST-0170,Male,0,1,Month-to-Month,DSL,48.47,48.47,Yes
CUST-0171,Female,1,1,Month-to-Month,Fiber Optic,73.85,73.85,Yes
CUST-0172,Male,0,48,One Year,No Internet,28.66,1375.55,No
CUST-0173,Male,1,1,Two Year,No Internet,44.1,44.1,Yes
CUST-0174,Female,0,64,Two Year,DSL,56.09,3589.57,No
CUST-0175,Male,0,22,Two Year,No Internet,39.6,871.22,No
CUST-0176,Female,1,67,Two Year,DSL,49.95,3346.96,No
CUST-0177,Female,0,16,One Year,DSL,48.17,770.77,No
CUST-0178,Female,1,57,Two Year,Fiber Optic,71.84,4094.74,No
CUST-0179,Female,1,69,One Year,No Internet,26.88,1854.94,No
CUST-0180,Male,1,62,One Year,Fiber Optic,79.07,4902.54,No
CUST-0181,Male,0,16,Two Year,Fiber Optic,66.96,1071.31,No
CUST-0182,Female,0,48,Month-to-Month,DSL,61.14,2934.64,No
CUST-0183,Male,0,33,Month-to-Month,Fiber Optic,74.29,2451.68,No
CUST-0184,Female,0,23,Two Year,Fiber Optic,65.96,1517.11,No
CUST-0185,Male,1,69,Month-to-Month,No Internet,42.73,2948.62,No
CUST-0186,Male,0,52,Two Year,No Internet,32.49,1689.6,No
CUST-0187,Male,0,19,Month-to-Month,No Internet,35.06,666.19,Yes
CUST-0188,Female,0,1,Month-to-Month,No Internet,35.79,35.79,Yes
CUST-0189,Female,0,4,Month-to-Month,No Internet,37.32,149.27,Yes
CUST-0190,Female,0,2,One Year,DSL,45.53,91.06,No
CUST-0191,Female,0,32,Month-to-Month,No Internet,43.8,1401.75,No
CUST-0192,Male,1,24,Two Year,DSL,58.54,1405.04,No
CUST-0193,Female,0,35,Month-to-Month,No Internet,37.87,1325.3,No
CUST-0194,Male,1,33,Two Year,Fiber Optic,81.22,2680.39,No
CUST-0195,Male,1,43,Two Year,No Internet,43.83,1884.66,No
CUST-0196,Male,0,67,One Year,Fiber Optic,81.41,5454.37,No
CUST-0197,Male,1,40,One Year,DSL,63.11,2524.28,No
CUST-0198,Male,1,44,One Year,DSL,50.48,2221.09,No
CUST-0199,Female,1,12,Month-to-Month,DSL,47.02,564.19,Yes
CUST-0200,Male,1,2,One Year,Fiber Optic,65.78,131.56,Yes
CUST-0201,Male,0,35,One Year,Fiber Optic,71.73,2510.59,Yes
CUST-0202,Male,1,8,Month-to-Month,No Internet,32.71,261.66,Yes
CUST-0203,Male,1,34,Two Year,No Internet,30.21,1027.27,No
CUST-0204,Male,1,7,Month-to-Month,No Internet,27.36,191.54,Yes
CUST-0205,Male,1,29,Two Year,No Internet,25.78,747.73,No
CUST-0206,Female,0,21,Month-to-Month,No Internet,44.35,931.38,No
CUST-0207,Male,1,36,Two Year,DSL,48.55,1747.76,No
CUST-0208,Female,0,24,Two Year,DSL,61.14,1467.28,No
CUST-0209,Male,0,49,Two Year,No Internet,39.63,1942.01,No
CUST-0210,Male,1,36,One Year,No Internet,32.44,1167.85,No
CUST-0211,Female,0,24,Month-to-Month,Fiber Optic,82.34,1976.22,Yes
CUST-0212,Male,1,37,Month-to-Month,No Internet,29.77,1101.56,No
CUST-0213,Male,1,55,Two Year,DSL,60.02,3300.96,No
CUST-0214,Male,1,30,Two Year,DSL,63.05,1891.53,No
CUST-0215,Female,1,62,Month-to-Month,DSL,54.93,3405.74,Yes
CUST-0216,Male,0,13,Two Year,DSL,62.91,817.84,No
CUST-0217,Female,0,49,Month-to-Month,No Internet,26.07,1277.42,Yes
CUST-0218,Female,1,61,One Year,No Internet,43.11,2629.57,No
CUST-0219,Male,1,9,One Year,DSL,51.39,462.48,No
CUST-0220,Male,0,52,Month-to-Month,No Internet,36.47,1896.38,No
CUST-0221,Female,1,16,One Year,DSL,53.97,863.5,No
CUST-0222,Male,1,12,Two Year,No Internet,31.57,378.88,No
CUST-0223,Male,1,53,One Year,DSL,60.83,3224.07,No
CUST-0224,Male,1,57,Month-to-Month,Fiber Optic,67.27,3834.35,No
CUST-0225,Male,0,53,One Year,DSL,54.89,2909.09,No
CUST-0226,Male,0,39,One Year,No Internet,44.92,1751.83,No
CUST-0227,Female,0,5,One Year,Fiber Optic,79.74,398.7,Yes
CUST-0228,Male,0,18,One Year,Fiber Optic,84.37,1518.71,No
CUST-0229,Female,0,9,Two Year,Fiber Optic,80.23,722.07,No
CUST-0230,Female,0,17,One Year,DSL,47.02,799.38,No
CUST-0231,Female,1,7,Month-to-Month,No Internet,33.52,234.65,Yes
CUST-0232,Female,0,40,One Year,No Internet,26.46,1058.21,No
CUST-0233,Female,1,50,One Year,Fiber Optic,82.84,4141.9,No
CUST-0234,Female,0,66,Two Year,No Internet,26.63,1757.38,No
CUST-0235,Female,1,37,Month-to-Month,Fiber Optic,69.66,2577.59,Yes
CUST-0236,Female,1,8,One Year,DSL,52.49,419.88,No
CUST-0237,Male,0,65,Month-to-Month,No Internet,42.61,2769.47,No
CUST-0238,Female,0,17,Two Year,No Internet,43.94,747.06,No
CUST-0239,Male,0,45,One Year,DSL,60.07,2703.04,No
CUST-0240,Female,0,70,Month-to-Month,Fiber Optic,79.16,5541.45,Yes
CUST-0241,Male,0,19,One Year,Fiber Optic,80.54,1530.32,No
CUST-0242,Female,1,54,One Year,DSL,59.1,3191.49,No
CUST-0243,Female,0,19,Two Year,DSL,47.22,897.26,No
CUST-0244,Female,0,67,Two Year,Fiber Optic,70.07,4694.93,No
CUST-0245,Male,1,58,One Year,Fiber Optic,79.82,4629.53,No
CUST-0246,Female,1,72,Two Year,No Internet,27.35,1969.24,No
CUST-0247,Male,0,39,Month-to-Month,Fiber Optic,79.92,3116.92,No
CUST-0248,Female,1,62,Two Year,Fiber Optic,73.0,4526.28,No
CUST-0249,Female,1,25,Two Year,DSL,62.37,1559.3,No
CUST-0250,Female,0,38,One Year,DSL,53.73,2041.62,No
CUST-0251,Female,1,58,One Year,DSL,45.24,2624.1,No
CUST-0252,Male,1,32,Two Year,Fiber Optic,76.12,2435.84,No
CUST-0253,Male,0,47,Two Year,DSL,62.82,2952.67,No
CUST-0254,Female,0,36,Two Year,No Internet,36.08,1298.78,No
CUST-0255,Male,1,20,Two Year,DSL,46.51,930.17,No
CUST-0256,Female,0,47,Month-to-Month,Fiber Optic,77.59,3646.63,No
CUST-0257,Male,0,14,Two Year,Fiber Optic,70.89,992.46,No
CUST-0258,Male,1,1,Month-to-Month,DSL,57.55,57.55,No
CUST-0259,Female,1,3,One Year,No Internet,43.02,129.07,No
CUST-0260,Female,1,57,One Year,Fiber Optic,83.31,4748.39,No
CUST-0261,Male,1,16,Month-to-Month,Fiber Optic,82.81,1324.88,No
CUST-0262,Female,1,24,Month-to-Month,DSL,57.4,1377.66,Yes
CUST-0263,Female,1,8,Month-to-Month,DSL,48.39,387.15,No
CUST-0264,Female,0,36,One Year,No Internet,34.27,1233.86,No
CUST-0265,Female,1,58,Two Year,No Internet,29.59,1716.1,No
CUST-0266,Male,0,28,Month-to-Month,Fiber Optic,66.55,1863.53,No
CUST-0267,Female,0,41,Month-to-Month,DSL,50.2,2058.16,No
CUST-0268,Male,1,27,One Year,No Internet,38.96,1052.01,No
CUST-0269,Female,1,17,Month-to-Month,Fiber Optic,70.6,1200.12,Yes
CUST-0270,Female,1,29,One Year,Fiber Optic,67.66,1962.25,No
CUST-0271,Female,1,35,Two Year,No Internet,41.45,1450.78,No
CUST-0272,Male,0,69,Two Year,No Internet,37.27,2571.51,No
CUST-0273,Male,0,66,Two Year,Fiber Optic,66.65,4399.23,No
CUST-0274,Male,0,30,Two Year,Fiber Optic,82.32,2469.64,No
CUST-0275,Male,1,5,Month-to-Month,DSL,45.53,227.64,No
CUST-0276,Male,1,33,Two Year,Fiber Optic,80.55,2658.22,No
CUST-0277,Male,1,18,Two Year,DSL,64.75,1165.42,No
CUST-0278,Female,0,49,One Year,DSL,52.53,2574.2,No
CUST-0279,Male,1,26,Month-to-Month,No Internet,32.62,848.06,Yes
CUST-0280,Female,1,59,Two Year,DSL,61.84,3648.7,No
CUST-0281,Male,0,33,Month-to-Month,Fiber Optic,74.37,2454.34,Yes
CUST-0282,Male,1,1,Two Year,No Internet,25.27,25.27,No
CUST-0283,Female,1,55,Two Year,DSL,62.29,3426.19,No
CUST-0284,Male,0,69,One Year,Fiber Optic,84.99,5864.61,No
CUST-0285,Male,0,3,One Year,No Internet,36.11,108.33,Yes
CUST-0286,Male,1,53,Month-to-Month,No Internet,43.9,2326.45,No
CUST-0287,Male,0,17,One Year,DSL,49.82,846.97,No
CUST-0288,Female,0,1,Month-to-Month,No Internet,44.08,44.08,Yes
CUST-0289,Male,0,4,One Year,Fiber Optic,69.57,278.29,Yes
CUST-0290,Male,0,32,One Year,No Internet,25.94,830.01,No
CUST-0291,Female,1,72,Two Year,DSL,45.44,3271.95,No
CUST-0292,Female,1,34,Two Year,No Internet,34.52,1173.82,No
CUST-0293,Female,1,3,Two Year,DSL,55.4,166.21,No
CUST-0294,Female,1,12,Month-to-Month,DSL,61.33,735.93,No
CUST-0295,Female,1,5,One Year,No Internet,26.77,133.84,No
CUST-0296,Male,1,57,Two Year,DSL,56.8,3237.55,No
CUST-0297,Male,0,47,Two Year,Fiber Optic,73.41,3450.3,No
CUST-0298,Male,1,14,One Year,Fiber Optic,79.08,1107.14,No
CUST-0299,Male,0,51,One Year,Fiber Optic,83.06,4236.21,No
CUST-0300,Female,0,64,Month-to-Month,DSL,45.29,2898.62,No
CUST-0301,Female,0,38,Month-to-Month,No Internet,37.16,1412.15,No
CUST-0302,Male,1,30,Two Year,Fiber Optic,76.1,2282.89,No
CUST-0303,Female,0,51,One Year,Fiber Optic,83.08,4237.24,No
CUST-0304,Male,1,52,One Year,Fiber Optic,75.95,3949.34,No
CUST-0305,Male,1,30,Month-to-Month,Fiber Optic,77.44,2323.25,No
CUST-0306,Female,1,51,Month-to-Month,Fiber Optic,78.95,4026.59,Yes
CUST-0307,Male,1,29,Month-to-Month,DSL,47.94,1390.3,Yes
CUST-0308,Male,0,56,One Year,No Internet,41.84,2343.14,Yes
CUST-0309,Male,1,17,One Year,DSL,50.16,852.8,No
CUST-0310,Male,1,69,Two Year,Fiber Optic,84.6,5837.44,No
CUST-0311,Male,1,53,Month-to-Month,DSL,51.95,2753.26,No
CUST-0312,Female,0,43,Two Year,No Internet,29.8,1281.53,No
CUST-0313,Female,1,23,Two Year,No Internet,27.56,633.9,No
CUST-0314,Female,0,16,Month-to-Month,Fiber Optic,77.82,1245.08,No
CUST-0315,Male,0,4,Two Year,No Internet,31.91,127.65,No
CUST-0316,Female,0,67,Month-to-Month,Fiber Optic,82.49,5526.59,No
CUST-0317,Male,1,27,One Year,DSL,58.35,1575.48,No
CUST-0318,Male,1,50,One Year,DSL,57.04,2851.94,No
CUST-0319,Male,0,51,Month-to-Month,Fiber Optic,65.82,3356.69,No
CUST-0320,Female,0,5,One Year,DSL,51.9,259.51,No
CUST-0321,Female,1,42,One Year,DSL,48.54,2038.69,No
CUST-0322,Male,0,21,Two Year,No Internet,35.97,755.46,No
CUST-0323,Male,0,5,Two Year,DSL,54.22,271.08,No
CUST-0324,Male,1,46,Month-to-Month,DSL,52.29,2405.13,No
CUST-0325,Male,1,45,Two Year,DSL,51.43,2314.42,No
CUST-0326,Male,1,26,Month-to-Month,No Internet,40.99,1065.69,No
CUST-0327,Male,1,56,One Year,Fiber Optic,82.47,4618.41,Yes
CUST-0328,Male,0,63,Two Year,No Internet,32.55,2050.38,No
CUST-0329,Female,0,26,One Year,No Internet,42.37,1101.52,No
CUST-0330,Female,0,8,One Year,No Internet,39.97,319.72,Yes
CUST-0331,Female,1,52,Month-to-Month,DSL,49.19,2557.72,No
CUST-0332,Male,0,56,Two Year,No Internet,34.69,1942.67,No
CUST-0333,Male,0,28,One Year,No Internet,32.38,906.59,No
CUST-0334,Female,1,2,One Year,DSL,59.95,119.9,No
CUST-0335,Male,0,14,Month-to-Month,Fiber Optic,67.95,951.37,Yes
CUST-0336,Male,0,7,Two Year,No Internet,38.74,271.2,No
CUST-0337,Male,0,23,Month-to-Month,Fiber Optic,75.23,1730.37,Yes
CUST-0338,Male,1,18,Two Year,Fiber Optic,73.95,1331.07,Yes
CUST-0339,Male,1,15,Two Year,DSL,47.1,706.46,No
CUST-0340,Female,1,28,One Year,No Internet,25.4,711.24,No
CUST-0341,Female,1,57,Month-to-Month,DSL,61.81,3523.41,Yes
CUST-0342,Female,0,44,Two Year,Fiber Optic,69.66,3065.23,No
CUST-0343,Male,1,13,Month-to-Month,DSL,56.87,739.33,No
CUST-0344,Male,1,68,Two Year,DSL,52.1,3542.94,Yes
CUST-0345,Female,0,18,Two Year,DSL,46.74,841.29,No
CUST-0346,Male,1,34,Two Year,DSL,56.15,1909.26,No
CUST-0347,Male,1,40,Two Year,Fiber Optic,73.63,2945.33,No
CUST-0348,Male,1,42,One Year,No Internet,30.68,1288.37,No
CUST-0349,Female,0,6,Month-to-Month,DSL,62.99,377.96,Yes
CUST-0350,Female,1,64,One Year,Fiber Optic,76.42,4890.6,No
CUST-0351,Female,1,56,Month-to-Month,No Internet,34.96,1958.04,No
CUST-0352,Female,0,70,Two Year,No Internet,37.12,2598.08,No
CUST-0353,Male,0,33,Month-to-Month,Fiber Optic,65.15,2149.97,Yes
CUST-0354,Female,0,21,One Year,DSL,48.06,1009.2,No
CUST-0355,Male,1,4,Two Year,DSL,62.02,248.07,No
CUST-0356,Male,0,62,Two Year,Fiber Optic,70.7,4383.52,No
CUST-0357,Female,1,24,One Year,DSL,62.94,1510.45,No
CUST-0358,Male,1,3,Two Year,DSL,55.49,166.47,No
CUST-0359,Male,1,40,Month-to-Month,No Internet,38.94,1557.57,No
CUST-0360,Female,0,24,Two Year,Fiber Optic,67.24,1613.78,Yes
CUST-0361,Female,1,66,Month-to-Month,DSL,56.52,3730.32,No
CUST-0362,Female,1,4,Month-to-Month,No Internet,25.11,100.42,Yes
CUST-0363,Female,1,51,Month-to-Month,DSL,61.42,3132.28,No
CUST-0364,Female,1,66,Month-to-Month,DSL,56.14,3704.93,No
CUST-0365,Female,0,8,One Year,No Internet,34.53,276.26,No
CUST-0366,Female,1,45,One Year,DSL,60.39,2717.54,No
CUST-0367,Male,0,70,Month-to-Month,No Internet,44.36,3105.19,No
CUST-0368,Female,0,68,Two Year,DSL,53.51,3638.59,No
CUST-0369,Male,1,20,Two Year,No Internet,29.85,596.96,No
CUST-0370,Male,1,47,Month-to-Month,Fiber Optic,79.14,3719.8,No
CUST-0371,Female,0,14,Two Year,DSL,50.77,710.82,Yes
CUST-0372,Male,0,37,One Year,No Internet,35.12,1299.52,No
CUST-0373,Male,1,3,Two Year,DSL,46.04,138.11,Yes
CUST-0374,Male,1,50,One Year,Fiber Optic,74.09,3704.27,No
CUST-0375,Female,0,5,Two Year,Fiber Optic,66.27,331.34,No
CUST-0376,Female,0,44,One Year,Fiber Optic,69.03,3037.52,No
CUST-0377,Female,0,40,Month-to-Month,DSL,61.2,2447.9,No
CUST-0378,Male,0,65,One Year,Fiber Optic,67.78,4405.47,No
CUST-0379,Male,0,17,Two Year,DSL,47.33,804.68,No
CUST-0380,Female,0,15,One Year,No Internet,34.43,516.47,No
CUST-0381,Male,0,35,One Year,Fiber Optic,71.98,2519.21,No
CUST-0382,Female,0,49,Month-to-Month,DSL,62.01,3038.71,No
CUST-0383,Male,1,60,Month-to-Month,DSL,64.3,3858.03,No
CUST-0384,Female,1,9,Month-to-Month,No Internet,29.1,261.9,Yes
CUST-0385,Male,0,35,Two Year,DSL,63.53,2223.51,Yes
CUST-0386,Female,0,64,Two Year,Fiber Optic,76.49,4895.33,No
CUST-0387,Male,1,64,Two Year,Fiber Optic,80.63,5160.34,No
CUST-0388,Male,1,11,Month-to-Month,DSL,60.91,669.96,No
CUST-0389,Female,1,14,One Year,Fiber Optic,80.99,1133.87,Yes
CUST-0390,Male,0,35,Two Year,No Internet,28.29,989.99,No
CUST-0391,Female,0,5,Two Year,No Internet,29.71,148.57,No
CUST-0392,Female,1,26,Two Year,Fiber Optic,83.16,2162.09,No
CUST-0393,Female,1,42,One Year,No Internet,32.85,1379.65,No
CUST-0394,Male,1,40,Two Year,Fiber Optic,74.04,2961.56,Yes
CUST-0395,Male,1,14,Month-to-Month,Fiber Optic,82.99,1161.91,No
CUST-0396,Female,1,38,Month-to-Month,No Internet,35.8,1360.23,Yes
CUST-0397,Male,1,63,Two Year,DSL,55.05,3468.43,No
CUST-0398,Female,1,25,Two Year,DSL,52.11,1302.68,No
CUST-0399,Female,1,66,One Year,No Internet,35.87,2367.49,No
CUST-0400,Female,0,51,Two Year,DSL,55.86,2848.71,No
CUST-0401,Male,1,70,Two Year,DSL,63.8,4465.76,No
CUST-0402,Male,0,7,One Year,Fiber Optic,79.61,557.28,No
CUST-0403,Female,1,42,Two Year,DSL,47.79,2006.99,No
CUST-0404,Female,1,15,One Year,No Internet,42.57,638.59,No
CUST-0405,Male,1,33,Month-to-Month,No Internet,35.67,1177.08,Yes
CUST-0406,Female,0,27,One Year,Fiber Optic,80.77,2180.84,No
CUST-0407,Male,0,38,One Year,DSL,60.05,2281.83,Yes
CUST-0408,Male,1,27,Two Year,No Internet,39.88,1076.73,No
CUST-0409,Male,1,68,Month-to-Month,No Internet,36.4,2475.05,Yes
CUST-0410,Female,0,10,Month-to-Month,Fiber Optic,74.88,748.8,No
CUST-0411,Male,1,38,One Year,No Internet,35.73,1357.73,No
CUST-0412,Female,0,47,Month-to-Month,No Internet,41.93,1970.67,No
CUST-0413,Male,0,52,One Year,Fiber Optic,72.95,3793.18,No
CUST-0414,Female,1,29,One Year,Fiber Optic,75.8,2198.12,No
CUST-0415,Male,0,29,One Year,DSL,49.59,1437.97,No
CUST-0416,Male,0,45,Two Year,DSL,59.4,2673.03,No
CUST-0417,Female,1,36,Month-to-Month,Fiber Optic,75.85,2730.76,No
CUST-0418,Male,0,43,Two Year,Fiber Optic,76.98,3310.17,No
CUST-0419,Male,1,20,Month-to-Month,No Internet,28.63,572.64,No
CUST-0420,Female,0,38,One Year,No Internet,29.55,1122.79,No
CUST-0421,Female,1,23,One Year,Fiber Optic,74.24,1707.52,No
CUST-0422,Female,0,46,Two Year,Fiber Optic,77.3,3555.75,No
CUST-0423,Female,1,13,Two Year,No Internet,27.78,361.17,No
CUST-0424,Male,1,60,Two Year,DSL,56.86,3411.56,No
CUST-0425,Male,1,68,Month-to-Month,DSL,60.8,4134.52,No
CUST-0426,Male,0,37,Two Year,Fiber Optic,79.14,2928.36,No
CUST-0427,Male,1,31,Two Year,No Internet,37.13,1151.16,No
CUST-0428,Female,0,51,One Year,DSL,59.73,3046.17,No
CUST-0429,Female,0,40,Month-to-Month,Fiber Optic,81.81,3272.35,No
CUST-0430,Female,0,11,Month-to-Month,Fiber Optic,74.02,814.18,Yes
CUST-0431,Male,0,46,Two Year,DSL,49.72,2287.03,No
CUST-0432,Female,1,36,One Year,No Internet,27.49,989.76,No
CUST-0433,Female,0,57,Two Year,DSL,51.64,2943.65,No
CUST-0434,Male,0,54,Month-to-Month,DSL,55.38,2990.35,No
CUST-0435,Male,0,40,Two Year,Fiber Optic,77.16,3086.32,No
CUST-0436,Female,0,47,Two Year,No Internet,26.1,1226.48,No
CUST-0437,Male,1,9,Month-to-Month,No Internet,29.11,262.0,Yes
CUST-0438,Male,1,57,Two Year,No Internet,25.09,1430.28,No
CUST-0439,Female,0,41,One Year,DSL,47.29,1938.7,Yes
CUST-0440,Female,0,25,One Year,No Internet,42.27,1056.76,No
CUST-0441,Female,0,38,Month-to-Month,Fiber Optic,71.93,2733.22,Yes
CUST-0442,Female,1,34,Month-to-Month,Fiber Optic,83.37,2834.55,Yes
CUST-0443,Male,0,43,One Year,Fiber Optic,65.66,2823.25,No
CUST-0444,Female,1,51,Month-to-Month,Fiber Optic,69.96,3568.19,Yes
CUST-0445,Male,0,25,Month-to-Month,Fiber Optic,74.97,1874.18,No
CUST-0446,Male,1,70,One Year,Fiber Optic,65.68,4597.43,Yes
CUST-0447,Female,0,33,One Year,DSL,52.25,1724.18,No
CUST-0448,Male,0,63,One Year,DSL,50.55,3184.76,No
CUST-0449,Male,0,26,One Year,DSL,45.26,1176.81,No
CUST-0450,Female,1,49,Two Year,Fiber Optic,68.56,3359.48,No
CUST-0451,Male,0,49,One Year,Fiber Optic,76.15,3731.16,No
CUST-0452,Male,0,63,Month-to-Month,DSL,64.94,4091.06,No
CUST-0453,Male,1,49,Month-to-Month,No Internet,30.99,1518.6,No
CUST-0454,Female,0,13,Two Year,No Internet,32.95,428.3,No
CUST-0455,Male,0,51,One Year,DSL,49.2,2509.1,No
CUST-0456,Male,0,62,Month-to-Month,Fiber Optic,69.1,4284.37,Yes
CUST-0457,Female,1,29,One Year,Fiber Optic,77.5,2247.49,No
CUST-0458,Male,0,30,One Year,No Internet,41.73,1251.94,No
CUST-0459,Male,0,19,Two Year,Fiber Optic,66.31,1259.97,Yes
CUST-0460,Female,1,47,One Year,Fiber Optic,75.55,3550.99,No
CUST-0461,Male,1,38,Month-to-Month,DSL,60.31,2291.67,No
CUST-0462,Female,1,4,Month-to-Month,No Internet,28.64,114.55,No
CUST-0463,Female,0,29,One Year,DSL,46.51,1348.79,No
CUST-0464,Male,1,3,Month-to-Month,Fiber Optic,72.47,217.4,Yes
CUST-0465,Female,0,34,One Year,DSL,53.17,1807.94,No
CUST-0466,Female,1,55,Month-to-Month,DSL,48.12,2646.77,No
CUST-0467,Female,1,50,One Year,DSL,62.34,3116.99,No
CUST-0468,Male,1,8,One Year,No Internet,25.54,204.34,No
CUST-0469,Female,1,67,Two Year,DSL,49.62,3324.64,No
CUST-0470,Female,0,59,Two Year,No Internet,35.11,2071.5,No
CUST-0471,Male,1,72,Month-to-Month,DSL,47.08,3389.92,No
CUST-0472,Male,1,67,Month-to-Month,Fiber Optic,82.75,5544.2,Yes
CUST-0473,Male,1,8,Month-to-Month,Fiber Optic,66.99,535.91,Yes
CUST-0474,Male,0,32,Month-to-Month,DSL,62.11,1987.65,Yes
CUST-0475,Female,0,16,One Year,No Internet,32.94,527.1,No
CUST-0476,Female,1,37,Month-to-Month,DSL,47.82,1769.4,No
CUST-0477,Male,1,14,Month-to-Month,No Internet,30.86,432.08,Yes
CUST-0478,Female,0,48,One Year,No Internet,26.74,1283.45,No
CUST-0479,Female,0,7,Month-to-Month,No Internet,39.72,278.03,No
CUST-0480,Male,1,19,Two Year,DSL,47.46,901.66,No
CUST-0481,Female,1,19,Month-to-Month,Fiber Optic,76.66,1456.56,No
CUST-0482,Female,1,60,Two Year,DSL,59.08,3544.74,No
CUST-0483,Male,1,1,One Year,No Internet,41.35,41.35,No
CUST-0484,Female,0,20,One Year,Fiber Optic,71.72,1434.35,Yes
CUST-0485,Male,1,2,One Year,DSL,52.26,104.52,No
CUST-0486,Male,0,12,One Year,DSL,61.61,739.36,No
CUST-0487,Male,1,37,Month-to-Month,DSL,53.19,1967.96,Yes
CUST-0488,Female,1,9,One Year,Fiber Optic,73.72,663.5,No
CUST-0489,Female,0,44,One Year,Fiber Optic,69.39,3053.17,No
CUST-0490,Female,1,24,One Year,DSL,47.28,1134.83,No
CUST-0491,Female,0,30,One Year,No Internet,34.75,1042.46,No
CUST-0492,Female,1,14,Month-to-Month,No Internet,39.83,557.67,No
CUST-0493,Male,0,66,Month-to-Month,DSL,57.67,3806.19,No
CUST-0494,Female,0,22,Two Year,DSL,61.7,1357.37,No
CUST-0495,Female,0,4,Two Year,No Internet,27.65,110.58,No
CUST-0496,Female,0,29,One Year,Fiber Optic,68.43,1984.57,No
CUST-0497,Male,1,37,Two Year,No Internet,25.37,938.61,No
CUST-0498,Male,0,18,Month-to-Month,DSL,55.59,1000.68,No
CUST-0499,Female,0,42,Month-to-Month,No Internet,36.53,1534.27,No
CUST-0500,Female,1,38,Two Year,Fiber Optic,66.34,2521.05,No
CUST-0501,Male,0,37,Two Year,Fiber Optic,78.03,2887.05,No
CUST-0502,Male,1,27,Two Year,No Internet,43.0,1161.01,No
CUST-0503,Female,1,6,One Year,No Internet,39.64,237.86,No
CUST-0504,Male,1,12,One Year,Fiber Optic,77.66,931.94,Yes
CUST-0505,Male,1,53,One Year,DSL,48.51,2570.89,No
CUST-0506,Male,0,45,One Year,No Internet,41.76,1879.3,No
CUST-0507,Female,1,62,One Year,No Internet,35.38,2193.46,No
CUST-0508,Female,1,64,Two Year,Fiber Optic,72.08,4612.96,No
CUST-0509,Female,1,54,Month-to-Month,DSL,59.76,3227.08,Yes
CUST-0510,Female,1,51,One Year,Fiber Optic,66.81,3407.14,No
CUST-0511,Female,0,26,Month-to-Month,No Internet,26.36,685.49,Yes
CUST-0512,Male,0,11,One Year,No Internet,30.77,338.51,Yes
CUST-0513,Male,1,36,Two Year,No Internet,39.38,1417.71,No
CUST-0514,Male,1,39,Two Year,DSL,57.21,2231.12,No
CUST-0515,Female,0,54,Month-to-Month,Fiber Optic,74.52,4024.13,Yes
CUST-0516,Male,0,24,Month-to-Month,No Internet,43.74,1049.68,No
CUST-0517,Female,1,69,Two Year,DSL,54.68,3772.58,No
CUST-0518,Male,0,36,Month-to-Month,Fiber Optic,75.8,2728.69,No
CUST-0519,Female,1,62,Two Year,DSL,64.1,3974.49,No
CUST-0520,Female,0,26,One Year,Fiber Optic,74.48,1936.6,No
CUST-0521,Male,1,40,One Year,No Internet,39.56,1582.55,No
CUST-0522,Male,1,61,Two Year,Fiber Optic,78.77,4804.85,No
CUST-0523,Male,0,42,Two Year,Fiber Optic,74.19,3116.13,No
CUST-0524,Female,0,35,Two Year,No Internet,41.38,1448.37,No
CUST-0525,Male,0,44,One Year,DSL,64.35,2831.58,No
CUST-0526,Female,1,12,Month-to-Month,No Internet,32.22,386.63,No
CUST-0527,Male,1,44,One Year,DSL,61.15,2690.54,No
CUST-0528,Male,0,49,Month-to-Month,Fiber Optic,67.74,3319.08,No
CUST-0529,Female,1,57,Month-to-Month,DSL,53.92,3073.45,No
CUST-0530,Male,0,47,Month-to-Month,DSL,46.73,2196.5,No
CUST-0531,Female,1,8,Two Year,No Internet,37.78,302.23,No
CUST-0532,Male,1,70,Month-to-Month,Fiber Optic,84.61,5922.81,No
CUST-0533,Male,0,12,One Year,DSL,49.42,593.09,No
CUST-0534,Female,1,26,Month-to-Month,No Internet,26.03,676.83,Yes
CUST-0535,Female,0,26,Two Year,DSL,45.79,1190.5,No
CUST-0536,Female,0,10,One Year,Fiber Optic,76.77,767.65,Yes
CUST-0537,Female,1,17,Month-to-Month,DSL,48.61,826.4,Yes
CUST-0538,Male,1,7,Month-to-Month,No Internet,25.68,179.75,No
CUST-0539,Male,0,7,One Year,DSL,50.95,356.63,Yes
CUST-0540,Male,0,48,One Year,No Internet,27.31,1310.67,No
CUST-0541,Female,1,59,Month-to-Month,Fiber Optic,83.89,4949.23,Yes
CUST-0542,Female,1,39,Two Year,Fiber Optic,74.1,2890.01,No
CUST-0543,Male,1,59,Two Year,DSL,61.58,3633.12,No
CUST-0544,Male,1,17,Two Year,No Internet,38.0,646.06,Yes
CUST-0545,Male,1,24,Month-to-Month,No Internet,29.6,710.4,Yes
CUST-0546,Male,1,60,Month-to-Month,DSL,54.62,3277.27,No
CUST-0547,Male,0,3,Two Year,Fiber Optic,78.93,236.78,Yes
CUST-0548,Female,0,40,Two Year,DSL,53.82,2152.83,No
CUST-0549,Male,0,39,Month-to-Month,DSL,51.31,2000.93,No
CUST-0550,Female,0,4,Two Year,Fiber Optic,80.81,323.26,No
CUST-0551,Male,1,25,Two Year,DSL,59.76,1493.93,Yes
CUST-0552,Female,1,33,Month-to-Month,DSL,62.72,2069.75,No
CUST-0553,Female,0,42,Two Year,Fiber Optic,82.53,3466.4,No
CUST-0554,Male,1,66,One Year,Fiber Optic,65.49,4322.21,No
CUST-0555,Female,0,42,One Year,DSL,64.81,2721.89,No
CUST-0556,Female,0,13,One Year,No Internet,35.58,462.52,No
CUST-0557,Male,1,32,Two Year,DSL,63.65,2036.86,No
CUST-0558,Male,1,39,One Year,No Internet,25.19,982.4,No
CUST-0559,Male,1,29,Two Year,DSL,60.34,1749.97,No
CUST-0560,Female,1,62,One Year,DSL,54.6,3385.05,No
CUST-0561,Female,1,57,Month-to-Month,No Internet,36.62,2087.06,Yes
CUST-0562,Male,0,10,Two Year,Fiber Optic,66.83,668.34,Yes
CUST-0563,Female,0,5,Month-to-Month,DSL,59.65,298.23,Yes
CUST-0564,Male,1,49,Two Year,DSL,47.21,2313.26,No
CUST-0565,Female,0,14,One Year,No Internet,30.94,433.16,No
CUST-0566,Male,1,68,Month-to-Month,Fiber Optic,79.31,5393.15,No
CUST-0567,Female,1,37,Two Year,No Internet,25.84,956.15,No
CUST-0568,Male,0,65,Two Year,DSL,63.21,4108.44,No
CUST-0569,Male,0,15,Two Year,DSL,52.69,790.3,No
CUST-0570,Male,1,68,Month-to-Month,No Internet,29.37,1996.83,No
CUST-0571,Male,1,37,Two Year,Fiber Optic,80.73,2986.9,No
CUST-0572,Male,0,43,Two Year,No Internet,36.77,1581.16,No
CUST-0573,Male,0,39,Month-to-Month,No Internet,42.58,1660.71,No
CUST-0574,Male,0,46,Two Year,DSL,57.02,2622.73,No
CUST-0575,Female,0,62,Two Year,No Internet,37.27,2310.63,No
CUST-0576,Male,0,25,One Year,DSL,59.87,1496.68,No
CUST-0577,Female,1,4,Month-to-Month,No Internet,29.63,118.53,No
CUST-0578,Female,0,20,Two Year,No Internet,41.76,835.13,No
CUST-0579,Male,0,54,One Year,No Internet,37.15,2006.36,No
CUST-0580,Male,1,57,Two Year,No Internet,29.41,1676.35,No
CUST-0581,Male,0,3,Two Year,Fiber Optic,81.52,244.57,No
CUST-0582,Female,1,5,Two Year,DSL,46.16,230.78,No
CUST-0583,Female,1,47,Two Year,DSL,49.33,2318.34,No
CUST-0584,Male,0,9,Month-to-Month,Fiber Optic,83.56,752.0,Yes
CUST-0585,Female,0,61,One Year,No Internet,30.2,1842.48,No
CUST-0586,Female,0,35,Month-to-Month,No Internet,40.16,1405.77,No
CUST-0587,Female,1,62,One Year,DSL,64.93,4025.46,No
CUST-0588,Male,0,3,Two Year,DSL,61.32,183.95,No
CUST-0589,Male,0,13,Two Year,Fiber Optic,69.48,903.19,No
CUST-0590,Male,0,68,One Year,No Internet,36.6,2488.92,No
CUST-0591,Male,1,11,Two Year,DSL,62.55,688.04,No
CUST-0592,Female,0,67,Two Year,Fiber Optic,70.46,4720.77,Yes
CUST-0593,Female,1,29,Month-to-Month,No Internet,42.77,1240.47,No
CUST-0594,Female,1,25,Month-to-Month,DSL,62.04,1551.1,No
CUST-0595,Female,1,42,Month-to-Month,Fiber Optic,81.19,3409.99,No
CUST-0596,Male,0,40,Two Year,Fiber Optic,83.63,3345.27,No
CUST-0597,Male,0,11,One Year,No Internet,26.74,294.14,No
CUST-0598,Male,1,38,One Year,Fiber Optic,70.2,2667.41,No
CUST-0599,Female,0,5,One Year,Fiber Optic,65.98,329.88,No
CUST-0600,Male,1,18,Two Year,Fiber Optic,66.62,1199.18,No
CUST-0601,Female,0,60,One Year,Fiber Optic,67.19,4031.36,No
CUST-0602,Female,1,28,Two Year,No Internet,26.52,742.63,No
CUST-0603,Female,1,40,Two Year,DSL,62.66,2506.33,No
CUST-0604,Male,0,62,One Year,Fiber Optic,76.85,4764.59,No
CUST-0605,Female,1,58,Two Year,Fiber Optic,76.43,4432.73,No
CUST-0606,Male,1,40,One Year,DSL,58.56,2342.41,No
CUST-0607,Female,0,33,Two Year,Fiber Optic,82.57,2724.9,No
CUST-0608,Female,1,19,Two Year,Fiber Optic,82.36,1564.9,No
CUST-0609,Female,0,59,Two Year,No Internet,42.35,2498.41,No
CUST-0610,Male,0,41,Month-to-Month,No Internet,31.68,1298.89,No
CUST-0611,Female,1,45,Two Year,No Internet,38.95,1752.72,No
CUST-0612,Female,1,42,Two Year,DSL,47.12,1978.9,No
CUST-0613,Male,1,27,Two Year,No Internet,40.05,1081.47,No
CUST-0614,Male,1,7,Two Year,No Internet,42.63,298.43,No
CUST-0615,Female,1,45,Two Year,DSL,62.44,2809.66,No
CUST-0616,Male,1,31,One Year,No Internet,41.52,1287.01,No
CUST-0617,Female,0,10,Two Year,No Internet,41.4,413.99,No
CUST-0618,Male,0,53,Month-to-Month,Fiber Optic,79.87,4233.12,No
CUST-0619,Female,0,31,Two Year,Fiber Optic,65.02,2015.69,No
CUST-0620,Male,0,2,Month-to-Month,Fiber Optic,81.64,163.29,Yes
CUST-0621,Male,0,12,Month-to-Month,Fiber Optic,65.13,781.53,No
CUST-0622,Male,0,13,Two Year,Fiber Optic,77.34,1005.4,No
CUST-0623,Male,0,17,Month-to-Month,DSL,47.32,804.39,No
CUST-0624,Male,1,60,Month-to-Month,DSL,45.18,2710.89,No
CUST-0625,Male,0,35,Month-to-Month,DSL,47.57,1664.91,Yes
CUST-0626,Female,1,30,Two Year,Fiber Optic,65.37,1961.06,No
CUST-0627,Male,1,63,One Year,DSL,52.84,3329.11,Yes
CUST-0628,Female,1,37,Month-to-Month,No Internet,27.05,1000.86,No
CUST-0629,Male,1,68,Month-to-Month,No Internet,28.48,1936.3,Yes
CUST-0630,Male,1,68,Month-to-Month,DSL,51.02,3469.31,No
CUST-0631,Female,1,17,One Year,DSL,60.42,1027.13,Yes
CUST-0632,Female,1,17,One Year,No Internet,36.64,622.94,No
CUST-0633,Male,1,65,Month-to-Month,Fiber Optic,66.16,4300.3,No
CUST-0634,Female,0,50,One Year,Fiber Optic,84.8,4240.15,Yes
CUST-0635,Male,1,47,One Year,DSL,64.38,3025.75,No
CUST-0636,Male,0,36,Month-to-Month,No Internet,37.95,1366.25,No
CUST-0637,Female,1,52,Month-to-Month,Fiber Optic,80.17,4168.59,No
CUST-0638,Female,0,7,Two Year,DSL,46.31,324.19,No
CUST-0639,Male,1,33,One Year,Fiber Optic,71.47,2358.58,Yes
CUST-0640,Female,0,32,One Year,No Internet,40.41,1293.06,No
CUST-0641,Male,0,58,One Year,No Internet,25.02,1451.19,No
CUST-0642,Male,1,46,Month-to-Month,No Internet,34.37,1581.06,Yes
CUST-0643,Male,1,4,Two Year,Fiber Optic,73.52,294.09,No
CUST-0644,Female,0,13,One Year,Fiber Optic,82.08,1067.09,No
CUST-0645,Male,1,15,Month-to-Month,DSL,60.9,913.44,Yes
CUST-0646,Female,0,29,Two Year,No Internet,30.97,898.06,No
CUST-0647,Male,0,32,Two Year,No Internet,26.65,852.72,Yes
CUST-0648,Male,1,22,Month-to-Month,DSL,47.63,1047.79,No
CUST-0649,Male,0,67,Two Year,Fiber Optic,84.02,5629.16,No
CUST-0650,Male,1,56,One Year,No Internet,33.65,1884.21,No
CUST-0651,Female,1,21,One Year,DSL,63.19,1327.0,No
CUST-0652,Male,1,59,One Year,Fiber Optic,84.29,4973.13,No
CUST-0653,Male,0,19,Month-to-Month,Fiber Optic,70.48,1339.2,Yes
CUST-0654,Male,1,3,One Year,No Internet,31.24,93.72,No
CUST-0655,Female,0,58,One Year,DSL,62.88,3647.16,No
CUST-0656,Female,1,15,Two Year,Fiber Optic,79.92,1198.75,No
CUST-0657,Male,0,35,Month-to-Month,DSL,45.62,1596.79,Yes
CUST-0658,Female,1,25,Month-to-Month,DSL,59.3,1482.46,Yes
CUST-0659,Male,1,18,Two Year,DSL,62.29,1121.17,No
CUST-0660,Male,1,27,One Year,Fiber Optic,84.36,2277.82,No
CUST-0661,Female,1,46,Two Year,DSL,49.07,2257.41,No
CUST-0662,Female,1,53,Two Year,No Internet,28.07,1487.88,No
CUST-0663,Male,0,27,Month-to-Month,No Internet,41.9,1131.18,No
CUST-0664,Female,1,71,One Year,No Internet,37.52,2664.23,Yes
CUST-0665,Male,0,64,Two Year,DSL,50.88,3256.54,No
CUST-0666,Male,1,24,Month-to-Month,No Internet,43.42,1042.01,No
CUST-0667,Male,0,3,One Year,No Internet,28.71,86.13,No
CUST-0668,Male,0,15,Two Year,Fiber Optic,74.63,1119.46,Yes
CUST-0669,Male,0,71,One Year,Fiber Optic,67.5,4792.76,No
CUST-0670,Male,1,9,Month-to-Month,No Internet,29.01,261.09,No
CUST-0671,Female,0,60,Month-to-Month,DSL,46.28,2777.05,Yes
CUST-0672,Male,1,2,Two Year,No Internet,40.95,81.9,No
CUST-0673,Male,1,11,Two Year,Fiber Optic,84.69,931.56,Yes
CUST-0674,Female,0,72,Two Year,Fiber Optic,74.29,5349.02,No
CUST-0675,Male,0,64,Two Year,DSL,52.91,3386.3,No
CUST-0676,Female,0,38,Month-to-Month,DSL,50.83,1931.66,No
CUST-0677,Female,1,45,Month-to-Month,No Internet,40.14,1806.35,Yes
CUST-0678,Female,0,41,Two Year,No Internet,25.79,1057.49,No
CUST-0679,Male,0,51,Month-to-Month,Fiber Optic,67.1,3422.03,No
CUST-0680,Male,0,17,Two Year,Fiber Optic,67.06,1139.95,No
CUST-0681,Male,1,46,Month-to-Month,Fiber Optic,67.85,3121.1,No
CUST-0682,Female,1,54,One Year,Fiber Optic,77.36,4177.61,Yes
CUST-0683,Male,1,20,Two Year,No Internet,31.92,638.41,No
CUST-0684,Male,1,40,Two Year,Fiber Optic,65.2,2607.82,No
CUST-0685,Female,0,2,One Year,DSL,55.68,111.37,No
CUST-0686,Male,0,30,Two Year,Fiber Optic,65.66,1969.92,No
CUST-0687,Male,0,26,One Year,No Internet,32.94,856.4,Yes
CUST-0688,Male,1,66,One Year,DSL,64.55,4260.26,No
CUST-0689,Male,1,46,One Year,DSL,58.86,2707.74,Yes
CUST-0690,Male,0,15,Month-to-Month,Fiber Optic,69.0,1035.05,Yes
CUST-0691,Female,0,44,Month-to-Month,Fiber Optic,67.09,2952.02,No
CUST-0692,Male,1,61,Two Year,Fiber Optic,79.13,4826.9,Yes
CUST-0693,Female,0,6,One Year,DSL,56.9,341.37,No
CUST-0694,Female,1,32,Two Year,Fiber Optic,70.98,2271.25,No
CUST-0695,Female,1,8,One Year,Fiber Optic,83.95,671.58,No
CUST-0696,Male,0,62,One Year,DSL,60.67,3761.44,No
CUST-0697,Female,1,7,One Year,DSL,58.22,407.51,No
CUST-0698,Male,0,4,One Year,DSL,56.95,227.8,No
CUST-0699,Female,1,22,Two Year,No Internet,34.05,749.02,No
CUST-0700,Male,1,3,One Year,DSL,45.82,137.45,No
CUST-0701,Female,0,60,Two Year,No Internet,39.63,2377.91,No
CUST-0702,Female,1,12,One Year,DSL,49.94,599.3,No
CUST-0703,Female,1,13,One Year,Fiber Optic,74.59,969.61,Yes
CUST-0704,Female,0,19,One Year,DSL,64.52,1225.83,No
CUST-0705,Male,1,45,Two Year,DSL,48.64,2188.91,No
CUST-0706,Male,0,53,Month-to-Month,DSL,58.17,3083.23,No
CUST-0707,Female,0,51,Month-to-Month,DSL,48.23,2459.91,No
CUST-0708,Male,1,70,Month-to-Month,No Internet,39.38,2756.88,No
CUST-0709,Female,1,22,One Year,DSL,51.65,1136.22,No
CUST-0710,Female,1,56,Month-to-Month,Fiber Optic,84.5,4731.77,Yes
CUST-0711,Female,1,3,One Year,Fiber Optic,66.63,199.89,No
CUST-0712,Female,0,35,One Year,No Internet,29.41,1029.39,No
CUST-0713,Female,0,54,Two Year,Fiber Optic,65.61,3543.1,No
CUST-0714,Male,1,7,One Year,No Internet,34.25,239.77,No
CUST-0715,Male,0,31,Month-to-Month,DSL,53.32,1652.86,Yes
CUST-0716,Male,0,24,One Year,No Internet,33.51,804.24,No
CUST-0717,Male,0,4,Two Year,Fiber Optic,79.71,318.83,Yes
CUST-0718,Female,0,20,Month-to-Month,No Internet,35.1,701.94,No
CUST-0719,Male,1,50,One Year,DSL,62.34,3117.03,No
CUST-0720,Female,1,36,Month-to-Month,Fiber Optic,65.59,2361.16,Yes
CUST-0721,Female,1,66,One Year,Fiber Optic,76.95,5079.0,Yes
CUST-0722,Male,1,36,Month-to-Month,DSL,53.43,1923.64,No
CUST-0723,Female,0,42,Two Year,No Internet,44.84,1883.39,No
CUST-0724,Female,1,58,Month-to-Month,No Internet,43.25,2508.34,No
CUST-0725,Male,1,12,One Year,No Internet,32.68,392.12,No
CUST-0726,Male,1,18,Two Year,No Internet,37.63,677.36,No
CUST-0727,Male,0,15,One Year,No Internet,29.72,445.74,No
CUST-0728,Female,1,26,One Year,No Internet,39.32,1022.23,No
CUST-0729,Female,0,42,Two Year,Fiber Optic,69.75,2929.54,No
CUST-0730,Female,0,2,One Year,DSL,48.62,97.24,No
CUST-0731,Male,1,69,One Year,DSL,46.38,3200.4,No
CUST-0732,Female,1,41,One Year,DSL,49.94,2047.73,No
CUST-0733,Female,0,60,One Year,Fiber Optic,73.1,4386.02,Yes
CUST-0734,Female,0,14,Two Year,No Internet,35.3,494.15,No
CUST-0735,Female,1,2,Month-to-Month,DSL,46.91,93.81,No
CUST-0736,Male,1,17,Two Year,DSL,52.82,897.97,No
CUST-0737,Female,1,28,Two Year,DSL,50.16,1404.55,No
CUST-0738,Female,1,5,One Year,DSL,51.5,257.52,No
CUST-0739,Female,1,40,One Year,Fiber Optic,76.97,3078.97,No
CUST-0740,Female,0,36,One Year,Fiber Optic,84.4,3038.27,No
CUST-0741,Male,1,47,Month-to-Month,DSL,49.69,2335.59,Yes
CUST-0742,Female,1,10,Two Year,DSL,46.47,464.7,Yes
CUST-0743,Male,1,14,One Year,Fiber Optic,71.62,1002.65,No
CUST-0744,Female,1,10,One Year,DSL,58.39,583.88,Yes
CUST-0745,Female,0,1,Month-to-Month,DSL,53.99,53.99,Yes
CUST-0746,Male,0,8,Month-to-Month,No Internet,37.34,298.74,Yes
CUST-0747,Male,0,1,Two Year,Fiber Optic,70.05,70.05,No
CUST-0748,Male,1,28,One Year,No Internet,25.73,720.54,No
CUST-0749,Male,1,37,Month-to-Month,DSL,52.13,1928.98,Yes
CUST-0750,Female,0,37,Two Year,Fiber Optic,80.64,2983.52,No
CUST-0751,Female,1,44,Two Year,DSL,53.93,2372.8,No
CUST-0752,Male,1,6,Two Year,Fiber Optic,69.12,414.7,No
CUST-0753,Female,1,61,Month-to-Month,Fiber Optic,65.68,4006.71,Yes
CUST-0754,Female,1,2,One Year,DSL,47.46,94.92,No
CUST-0755,Female,1,37,Two Year,DSL,63.73,2358.09,No
CUST-0756,Male,0,29,Two Year,No Internet,37.8,1096.2,No
CUST-0757,Male,1,35,Month-to-Month,DSL,54.04,1891.54,No
CUST-0758,Male,0,59,One Year,DSL,51.32,3028.06,No
CUST-0759,Female,1,51,Month-to-Month,DSL,45.83,2337.4,Yes
CUST-0760,Male,1,20,Month-to-Month,Fiber Optic,84.73,1694.65,No
CUST-0761,Female,1,43,Two Year,DSL,45.35,1949.95,No
CUST-0762,Female,0,50,Two Year,Fiber Optic,84.46,4223.1,No
CUST-0763,Female,0,39,One Year,DSL,54.09,2109.7,No
CUST-0764,Male,1,43,Two Year,Fiber Optic,74.78,3215.41,No
CUST-0765,Female,0,44,Month-to-Month,DSL,55.64,2448.38,Yes
CUST-0766,Male,0,23,Month-to-Month,DSL,45.6,1048.79,Yes
CUST-0767,Male,0,45,Month-to-Month,DSL,47.87,2154.19,No
CUST-0768,Male,1,50,Two Year,DSL,49.04,2451.85,No
CUST-0769,Male,1,8,Two Year,No Internet,44.4,355.19,No
CUST-0770,Male,1,1,Two Year,DSL,59.62,59.62,No
CUST-0771,Male,1,29,One Year,No Internet,33.88,982.38,No
CUST-0772,Female,0,5,Two Year,No Internet,44.27,221.33,No
CUST-0773,Female,0,47,Month-to-Month,DSL,58.85,2766.07,Yes
CUST-0774,Male,1,55,Month-to-Month,DSL,64.57,3551.49,No
CUST-0775,Female,1,43,One Year,Fiber Optic,78.66,3382.59,No
CUST-0776,Male,0,17,Month-to-Month,DSL,61.62,1047.5,No
CUST-0777,Male,0,47,Two Year,DSL,56.41,2651.37,No
CUST-0778,Male,0,72,One Year,Fiber Optic,80.91,5825.53,No
CUST-0779,Male,1,68,One Year,DSL,58.53,3980.06,No
CUST-0780,Female,0,19,Two Year,Fiber Optic,83.82,1592.53,No
CUST-0781,Female,1,14,Two Year,DSL,52.88,740.28,No
CUST-0782,Male,0,69,Month-to-Month,No Internet,36.54,2521.52,Yes
CUST-0783,Female,1,62,Two Year,Fiber Optic,78.16,4845.73,No
CUST-0784,Male,0,64,Two Year,DSL,45.96,2941.71,No
CUST-0785,Male,0,33,One Year,No Internet,33.14,1093.56,No
CUST-0786,Male,1,48,Two Year,DSL,60.05,2882.33,No
CUST-0787,Male,1,31,One Year,Fiber Optic,79.77,2472.84,Yes
CUST-0788,Female,0,68,Two Year,Fiber Optic,78.01,5304.7,No
CUST-0789,Male,1,4,Two Year,Fiber Optic,78.35,313.41,No
CUST-0790,Male,1,70,Month-to-Month,DSL,63.03,4411.93,Yes
CUST-0791,Male,1,13,One Year,No Internet,40.96,532.43,No
CUST-0792,Female,1,1,Month-to-Month,Fiber Optic,67.4,67.4,No
CUST-0793,Female,1,54,Two Year,DSL,57.98,3131.0,No
CUST-0794,Female,1,15,One Year,No Internet,37.6,564.06,No
CUST-0795,Male,1,71,Two Year,Fiber Optic,76.27,5415.08,No
CUST-0796,Female,1,19,One Year,DSL,52.77,1002.65,No
CUST-0797,Female,0,33,Two Year,No Internet,29.75,981.78,No
CUST-0798,Male,1,35,One Year,No Internet,29.55,1034.09,No
CUST-0799,Female,0,11,Two Year,DSL,57.07,627.76,No
CUST-0800,Male,0,66,Two Year,No Internet,34.27,2261.81,No
CUST-0801,Female,1,3,Month-to-Month,No Internet,35.85,107.54,Yes
CUST-0802,Male,0,72,Month-to-Month,No Internet,35.38,2547.48,Yes
CUST-0803,Female,1,70,One Year,No Internet,43.28,3029.93,Yes
CUST-0804,Female,0,26,One Year,DSL,47.18,1226.64,No
CUST-0805,Female,0,5,Month-to-Month,Fiber Optic,72.98,364.88,No
CUST-0806,Female,1,37,Month-to-Month,DSL,49.92,1847.09,Yes
CUST-0807,Male,0,15,Month-to-Month,No Internet,32.89,493.31,No
CUST-0808,Female,1,70,One Year,Fiber Optic,79.94,5595.63,No
CUST-0809,Male,1,43,One Year,No Internet,25.36,1090.68,No
CUST-0810,Male,0,23,Month-to-Month,No Internet,33.62,773.2,No
CUST-0811,Female,1,47,Two Year,No Internet,26.43,1242.0,No
CUST-0812,Female,1,15,Month-to-Month,Fiber Optic,69.87,1048.04,No
CUST-0813,Male,1,51,Month-to-Month,DSL,46.21,2356.47,Yes
CUST-0814,Male,1,21,Two Year,Fiber Optic,74.58,1566.26,No
CUST-0815,Female,0,19,Two Year,DSL,47.03,893.54,No
CUST-0816,Male,0,68,Month-to-Month,DSL,50.14,3409.22,No
CUST-0817,Female,0,52,One Year,DSL,58.4,3036.9,No
CUST-0818,Male,0,29,One Year,DSL,61.06,1770.76,No
CUST-0819,Female,0,35,Month-to-Month,Fiber Optic,76.62,2681.65,No
CUST-0820,Male,0,36,One Year,DSL,59.35,2136.7,No
CUST-0821,Male,1,2,One Year,Fiber Optic,70.45,140.9,No
CUST-0822,Female,0,4,Two Year,No Internet,41.46,165.85,No
CUST-0823,Female,0,7,One Year,DSL,58.62,410.36,No
CUST-0824,Female,1,39,One Year,Fiber Optic,75.5,2944.63,Yes
CUST-0825,Female,0,71,Month-to-Month,No Internet,30.91,2194.3,No
CUST-0826,Male,0,42,One Year,No Internet,28.7,1205.59,No
CUST-0827,Female,0,56,Month-to-Month,No Internet,44.26,2478.48,No
CUST-0828,Female,0,68,One Year,No Internet,26.74,1818.37,No
CUST-0829,Female,0,54,Two Year,DSL,56.0,3024.24,No
CUST-0830,Female,1,45,Two Year,DSL,57.66,2594.84,No
CUST-0831,Female,1,13,One Year,No Internet,37.03,481.42,No
CUST-0832,Female,1,21,Two Year,No Internet,42.68,896.37,No
CUST-0833,Male,0,9,One Year,Fiber Optic,80.87,727.87,No
CUST-0834,Female,0,15,Two Year,No Internet,37.22,558.29,No
CUST-0835,Male,0,42,Month-to-Month,No Internet,43.0,1806.02,No
CUST-0836,Male,1,49,Month-to-Month,No Internet,29.74,1457.13,No
CUST-0837,Male,1,37,Two Year,Fiber Optic,71.04,2628.52,No
CUST-0838,Male,0,24,Two Year,No Internet,41.45,994.85,No
CUST-0839,Female,0,60,Month-to-Month,Fiber Optic,78.43,4705.71,Yes
CUST-0840,Male,0,18,One Year,No Internet,40.33,726.0,No
CUST-0841,Male,0,55,Month-to-Month,No Internet,36.73,2020.27,Yes
CUST-0842,Male,1,47,Month-to-Month,Fiber Optic,69.7,3276.12,Yes
CUST-0843,Male,0,33,One Year,DSL,49.33,1628.05,No
CUST-0844,Female,1,22,Month-to-Month,Fiber Optic,65.47,1440.4,Yes
CUST-0845,Male,1,15,Month-to-Month,No Internet,29.6,444.07,No
CUST-0846,Female,0,71,Month-to-Month,No Internet,35.93,2551.31,No
CUST-0847,Male,1,10,Two Year,Fiber Optic,70.14,701.38,No
CUST-0848,Female,0,57,Month-to-Month,No Internet,34.94,1991.31,Yes
CUST-0849,Male,1,2,Month-to-Month,No Internet,30.49,60.98,Yes
CUST-0850,Male,1,7,One Year,Fiber Optic,78.9,552.32,No
CUST-0851,Male,0,67,One Year,DSL,53.85,3608.24,No
CUST-0852,Male,0,39,One Year,Fiber Optic,79.49,3100.12,No
CUST-0853,Female,1,24,Two Year,DSL,47.57,1141.63,No
CUST-0854,Male,0,19,Two Year,Fiber Optic,77.06,1464.22,No
CUST-0855,Male,1,42,One Year,DSL,63.11,2650.64,No
CUST-0856,Female,1,36,Month-to-Month,DSL,46.71,1681.67,No
CUST-0857,Male,0,36,One Year,No Internet,28.84,1038.14,No
CUST-0858,Female,1,8,One Year,DSL,52.34,418.71,No
CUST-0859,Female,0,70,One Year,No Internet,32.1,2246.99,No
CUST-0860,Male,1,68,Month-to-Month,Fiber Optic,73.85,5021.68,No
CUST-0861,Male,1,60,One Year,Fiber Optic,66.35,3981.14,No
CUST-0862,Male,0,5,Month-to-Month,DSL,46.4,231.99,No
CUST-0863,Male,0,32,One Year,No Internet,35.8,1145.61,No
CUST-0864,Female,0,72,One Year,Fiber Optic,78.02,5617.26,Yes
CUST-0865,Female,0,44,Month-to-Month,No Internet,31.49,1385.41,Yes
CUST-0866,Female,0,3,Month-to-Month,No Internet,28.81,86.42,Yes
CUST-0867,Male,1,2,One Year,No Internet,44.88,89.77,No
CUST-0868,Female,1,2,Month-to-Month,DSL,52.26,104.52,No
CUST-0869,Male,0,35,Two Year,Fiber Optic,79.61,2786.46,Yes
CUST-0870,Male,0,30,One Year,No Internet,31.67,950.14,No
CUST-0871,Female,1,22,One Year,DSL,56.25,1237.41,No
CUST-0872,Female,0,36,One Year,DSL,64.23,2312.4,No
CUST-0873,Female,0,31,One Year,No Internet,40.1,1243.0,No
CUST-0874,Male,0,55,Month-to-Month,Fiber Optic,75.72,4164.41,No
CUST-0875,Female,0,62,Two Year,No Internet,33.45,2074.13,Yes
CUST-0876,Male,0,55,Month-to-Month,DSL,60.12,3306.78,No
CUST-0877,Female,0,17,One Year,No Internet,31.02,527.29,No
CUST-0878,Female,1,8,One Year,Fiber Optic,80.91,647.27,No
CUST-0879,Male,0,16,Two Year,DSL,52.65,842.41,No
CUST-0880,Female,1,23,Two Year,DSL,52.99,1218.69,No
CUST-0881,Female,1,5,Month-to-Month,No Internet,39.74,198.72,Yes
CUST-0882,Female,1,65,Two Year,DSL,61.84,4019.64,No
CUST-0883,Female,0,21,Month-to-Month,DSL,46.86,984.03,No
CUST-0884,Male,1,22,Month-to-Month,DSL,46.78,1029.21,Yes
CUST-0885,Male,0,32,Two Year,DSL,47.55,1521.74,No
CUST-0886,Female,0,16,Month-to-Month,Fiber Optic,75.14,1202.19,Yes
CUST-0887,Male,1,14,One Year,No Internet,27.35,382.94,No
CUST-0888,Male,1,23,Month-to-Month,No Internet,30.26,696.03,No
CUST-0889,Female,0,66,Month-to-Month,No Internet,32.62,2152.8,No
CUST-0890,Male,1,2,Two Year,No Internet,43.74,87.48,Yes
CUST-0891,Female,0,65,Month-to-Month,DSL,51.11,3322.18,Yes
CUST-0892,Male,0,52,Two Year,Fiber Optic,70.59,3670.89,No
CUST-0893,Female,0,26,Month-to-Month,DSL,57.01,1482.31,No
CUST-0894,Female,0,55,Two Year,DSL,48.24,2652.94,Yes
CUST-0895,Female,1,22,Two Year,No Internet,34.94,768.66,No
CUST-0896,Female,1,60,Month-to-Month,DSL,62.03,3721.71,No
CUST-0897,Female,1,12,Two Year,No Internet,43.61,523.34,No
CUST-0898,Female,1,42,Month-to-Month,No Internet,35.79,1503.38,Yes
CUST-0899,Male,0,45,Month-to-Month,No Internet,32.61,1467.56,Yes
CUST-0900,Female,0,30,Month-to-Month,DSL,59.43,1782.85,No
CUST-0901,Female,1,67,Two Year,Fiber Optic,80.8,5413.64,No
CUST-0902,Female,1,52,One Year,No Internet,41.37,2151.48,Yes
CUST-0903,Male,1,15,Month-to-Month,No Internet,33.06,495.89,No
CUST-0904,Female,0,66,Month-to-Month,Fiber Optic,68.08,4493.0,Yes
CUST-0905,Male,1,35,Two Year,No Internet,31.92,1117.27,No
CUST-0906,Female,0,20,One Year,No Internet,36.46,729.22,Yes
CUST-0907,Male,1,10,Month-to-Month,No Internet,41.45,414.5,Yes
CUST-0908,Male,0,25,Month-to-Month,No Internet,34.59,864.68,Yes
CUST-0909,Male,1,33,Month-to-Month,No Internet,43.46,1434.02,Yes
CUST-0910,Male,0,14,Month-to-Month,Fiber Optic,67.78,948.98,Yes
CUST-0911,Female,0,54,One Year,No Internet,41.59,2245.68,No
CUST-0912,Female,1,52,Two Year,No Internet,35.05,1822.67,No
CUST-0913,Female,0,41,One Year,Fiber Optic,81.5,3341.66,No
CUST-0914,Male,0,13,One Year,No Internet,32.35,420.56,Yes
CUST-0915,Male,1,8,Two Year,Fiber Optic,74.56,596.52,No
CUST-0916,Male,1,68,Month-to-Month,Fiber Optic,67.7,4603.83,Yes
CUST-0917,Male,1,68,One Year,Fiber Optic,66.6,4528.75,No
CUST-0918,Female,1,12,One Year,No Internet,44.32,531.8,No
CUST-0919,Female,0,13,Two Year,Fiber Optic,83.73,1088.48,No
CUST-0920,Female,1,20,Two Year,Fiber Optic,73.79,1475.8,No
CUST-0921,Male,0,60,Month-to-Month,Fiber Optic,82.03,4921.74,Yes
CUST-0922,Male,1,32,One Year,DSL,49.32,1578.26,No
CUST-0923,Male,0,2,Month-to-Month,DSL,58.0,116.01,Yes
CUST-0924,Female,0,31,Month-to-Month,Fiber Optic,66.23,2053.04,No
CUST-0925,Male,1,34,Month-to-Month,Fiber Optic,74.2,2522.66,No
CUST-0926,Male,1,2,Two Year,No Internet,34.69,69.38,No
CUST-0927,Female,0,50,One Year,DSL,46.16,2307.78,No
CUST-0928,Female,0,56,Month-to-Month,Fiber Optic,70.95,3973.04,Yes
CUST-0929,Male,0,9,Month-to-Month,Fiber Optic,67.84,610.6,No
CUST-0930,Male,1,28,One Year,Fiber Optic,71.07,1989.83,Yes
CUST-0931,Female,1,7,One Year,Fiber Optic,78.84,551.9,No
CUST-0932,Female,1,4,One Year,Fiber Optic,77.66,310.66,No
CUST-0933,Male,1,40,Two Year,No Internet,41.28,1651.18,No
CUST-0934,Male,0,52,Two Year,Fiber Optic,68.48,3560.7,No
CUST-0935,Male,1,36,Two Year,DSL,55.54,1999.47,No
CUST-0936,Male,1,50,Two Year,DSL,47.61,2380.71,No
CUST-0937,Female,1,63,Month-to-Month,Fiber Optic,74.0,4661.73,Yes
CUST-0938,Female,1,7,Month-to-Month,Fiber Optic,75.51,528.57,Yes
CUST-0939,Female,1,14,Month-to-Month,Fiber Optic,68.54,959.53,Yes
CUST-0940,Male,1,5,Month-to-Month,DSL,45.22,226.1,Yes
CUST-0941,Male,1,2,Two Year,Fiber Optic,67.68,135.35,No
CUST-0942,Male,1,21,One Year,Fiber Optic,65.38,1373.06,No
CUST-0943,Female,0,21,One Year,Fiber Optic,80.21,1684.32,No
CUST-0944,Female,0,58,One Year,Fiber Optic,68.79,3990.05,No
CUST-0945,Male,1,5,Month-to-Month,DSL,49.3,246.52,Yes
CUST-0946,Female,0,53,Two Year,Fiber Optic,81.03,4294.63,No
CUST-0947,Female,1,45,Two Year,No Internet,25.85,1163.37,No
CUST-0948,Female,1,60,One Year,No Internet,37.92,2275.31,No
CUST-0949,Female,1,21,One Year,No Internet,41.89,879.63,No
CUST-0950,Male,1,55,Two Year,DSL,47.98,2639.16,No
CUST-0951,Female,0,68,Two Year,DSL,62.29,4235.94,No
CUST-0952,Male,0,52,Two Year,Fiber Optic,82.19,4273.95,No
CUST-0953,Male,0,42,One Year,DSL,60.7,2549.41,No
CUST-0954,Female,1,13,One Year,DSL,47.66,619.62,No
CUST-0955,Male,0,64,One Year,No Internet,40.74,2607.24,No
CUST-0956,Male,0,9,Two Year,No Internet,43.86,394.71,No
CUST-0957,Male,1,2,Month-to-Month,DSL,53.75,107.5,No
CUST-0958,Female,0,29,Two Year,DSL,50.59,1467.03,No
CUST-0959,Female,1,58,Month-to-Month,DSL,50.06,2903.55,No
CUST-0960,Male,0,21,One Year,Fiber Optic,81.5,1711.56,Yes
CUST-0961,Female,1,34,One Year,Fiber Optic,72.73,2472.72,No
CUST-0962,Male,1,72,Two Year,No Internet,29.54,2126.83,No
CUST-0963,Male,0,17,One Year,No Internet,26.33,447.66,No
CUST-0964,Male,0,45,Month-to-Month,DSL,48.0,2160.15,No
CUST-0965,Male,1,32,Month-to-Month,No Internet,44.77,1432.5,Yes
CUST-0966,Male,0,8,Month-to-Month,No Internet,25.83,206.67,Yes
CUST-0967,Male,1,43,Two Year,Fiber Optic,78.18,3361.77,No
CUST-0968,Male,0,51,Two Year,No Internet,26.43,1347.68,No
CUST-0969,Female,1,24,Two Year,No Internet,25.71,617.07,No
CUST-0970,Male,0,20,Month-to-Month,No Internet,39.75,795.0,Yes
CUST-0971,Female,0,58,Two Year,Fiber Optic,74.24,4305.86,No
CUST-0972,Male,1,11,One Year,No Internet,44.41,488.56,No
CUST-0973,Female,0,7,Two Year,No Internet,40.68,284.74,No
CUST-0974,Female,0,51,Two Year,Fiber Optic,68.48,3492.59,No
CUST-0975,Male,1,5,Two Year,Fiber Optic,75.99,379.96,No
CUST-0976,Male,1,8,One Year,No Internet,30.3,242.41,No
CUST-0977,Female,0,38,One Year,Fiber Optic,66.65,2532.79,Yes
CUST-0978,Female,1,8,One Year,DSL,60.38,483.08,No
CUST-0979,Female,1,25,One Year,DSL,64.52,1613.0,No
CUST-0980,Female,1,50,Month-to-Month,No Internet,25.21,1260.43,No
CUST-0981,Female,0,36,Month-to-Month,DSL,57.3,2062.81,Yes
CUST-0982,Male,1,41,One Year,No Internet,44.2,1812.06,No
CUST-0983,Male,0,62,Two Year,DSL,62.92,3900.81,Yes
CUST-0984,Male,0,10,Two Year,DSL,60.97,609.74,No
CUST-0985,Female,1,12,Month-to-Month,No Internet,34.49,413.84,Yes
CUST-0986,Male,1,2,One Year,No Internet,37.04,74.08,No
CUST-0987,Female,1,53,Month-to-Month,Fiber Optic,83.41,4420.52,No
CUST-0988,Female,1,16,Two Year,DSL,61.24,979.77,No
CUST-0989,Male,1,11,Month-to-Month,DSL,45.87,504.62,Yes
CUST-0990,Female,1,17,Two Year,No Internet,43.56,740.55,No
CUST-0991,Male,0,55,Month-to-Month,Fiber Optic,66.9,3679.51,Yes
CUST-0992,Male,1,59,Two Year,Fiber Optic,76.0,4484.11,No
CUST-0993,Female,1,22,One Year,Fiber Optic,70.48,1550.47,No
CUST-0994,Male,1,44,Two Year,DSL,48.95,2153.77,No
CUST-0995,Male,1,46,Month-to-Month,No Internet,25.25,1161.7,No
CUST-0996,Female,0,21,Month-to-Month,No Internet,30.72,645.08,Yes
CUST-0997,Female,0,32,Month-to-Month,Fiber Optic,71.34,2282.83,No
CUST-0998,Female,1,39,Two Year,Fiber Optic,81.93,3195.28,No
CUST-0999,Male,1,47,Two Year,Fiber Optic,70.04,3292.11,No
